Client_ID,First_Name,MI,Last_Name,DOB,Phone,Email
1,Marley,Y,Cobbold,05/21/2006,229-594-7885,mcobbold0@tiny.cc
2,Dory,L,Pickston,12/24/1984,815-559-7620,dpickston1@quantcast.com
3,Levey,A,Ciccarello,04/22/1958,463-833-5169,lciccarello2@soundcloud.com
4,Loise,W,Cornils,04/24/1968,944-291-2578,lcornils3@reuters.com
5,Dalli,H,Mollatt,04/09/1964,221-322-4774,
6,Joni,,Guynemer,08/11/1951,649-555-8630,
7,Aharon,,Shankster,09/03/1976,681-282-9923,ashankster6@fema.gov
8,Cyrill,,Bahike,05/03/1961,821-871-2897,cbahike7@comcast.net
9,Prentice,,Ferri,03/20/2019,420-875-2611,
10,Leodora,L,Cron,10/14/1986,441-760-7356,lcron9@seesaa.net
11,Weber,G,Edmundson,06/30/1975,433-140-9170,wedmundsona@foxnews.com
12,Sigmund,,Berrick,07/10/1954,975-145-9280,sberrickb@tamu.edu
13,Bernice,O,Sperling,08/27/1959,276-716-9838,
14,Vikky,R,Thomazin,08/09/1962,134-219-2736,
15,Louisette,,Graveney,07/06/2020,889-933-2216,lgraveneye@alexa.com
16,Donovan,W,Hollington,02/05/1961,761-701-4905,
17,Franciskus,Q,Auden,10/04/1953,884-261-5008,
18,Zelda,,Afield,07/26/1947,854-564-6254,zafieldh@cbsnews.com
19,Lilah,,Woolerton,05/09/1980,570-700-4393,
20,Derick,X,Pideon,09/03/2005,668-511-0641,dpideonj@nytimes.com
21,Morrie,U,De Bellis,10/02/1984,692-224-0389,
22,Berri,W,Lovejoy,06/25/1963,675-711-7885,blovejoyl@state.tx.us
23,Jannel,B,Mayman,12/04/1985,647-828-3971,
24,Alwin,L,Jayme,05/10/1966,172-898-2935,ajaymen@google.it
25,Geno,K,Pryell,10/15/2001,342-848-7134,gpryello@merriam-webster.com
26,Alexander,P,Lampaert,07/07/1991,185-429-0656,alampaertp@mashable.com
27,Hailee,X,Sandwich,12/10/2001,951-229-3208,hsandwichq@parallels.com
28,Jamal,,Fazakerley,02/14/2014,727-557-6474,jfazakerleyr@google.co.jp
29,Loydie,X,Janaud,04/01/1944,146-324-0323,ljanauds@google.ru
30,Costa,E,Colles,11/04/1958,405-824-6086,ccollest@blogspot.com
31,Emmalynn,X,Agge,09/08/2002,228-440-4608,eaggeu@google.com.hk
32,Cicely,K,Whale,01/29/1945,495-487-9025,cwhalev@vinaora.com
33,Denys,,Karleman,05/14/1949,457-570-1349,dkarlemanw@cdbaby.com
34,Temp,I,Gridon,03/20/2003,375-665-3083,
35,Jewel,Q,Broadnicke,09/15/2018,444-537-5547,
36,Swen,R,Kwietak,04/11/2011,197-980-9549,skwietakz@lycos.com
37,Zia,X,Jiroutek,09/17/1995,327-990-4002,
38,Katey,,Baudassi,02/09/1960,833-388-6112,kbaudassi11@123-reg.co.uk
39,George,,Gommes,07/31/1991,671-832-4773,
40,Paige,Z,Coiley,03/23/1946,499-673-2004,
41,Sancho,U,Dodgson,03/29/2019,613-596-5859,sdodgson14@wikispaces.com
42,Fair,,Monk,06/07/1944,285-579-3859,fmonk15@businesswire.com
43,Alix,T,Whife,10/10/1972,171-196-9709,awhife16@aboutads.info
44,Veronique,,Gask,10/08/2017,100-939-8344,vgask17@imageshack.us
45,Starla,I,Human,02/14/1964,796-973-8373,shuman18@theatlantic.com
46,Alika,J,Mowbray,04/09/2008,324-396-3063,amowbray19@google.ca
47,Eadith,,Mote,09/25/2006,505-926-8073,
48,Orly,M,Blagburn,09/17/1988,384-494-3657,
49,Huntley,,Damant,01/03/1966,199-167-4580,hdamant1c@skyrock.com
50,Emerson,C,Galtone,08/24/2019,889-291-8713,egaltone1d@google.es
51,Staford,,Tellenbrok,07/26/1963,626-455-0446,stellenbrok1e@dagondesign.com
52,Katerine,,Sawdy,05/07/1998,931-860-0893,
53,Adorne,,Gieraths,10/27/1968,289-477-0979,agieraths1g@deliciousdays.com
54,Michal,K,Cordell,02/25/2002,781-124-5270,
55,Arleen,N,Boar,12/24/1989,977-522-1172,aboar1i@miibeian.gov.cn
56,Whitby,O,Gregori,10/07/1961,311-298-0185,wgregori1j@chronoengine.com
57,Kevyn,Y,Hember,06/08/1971,354-815-2395,khember1k@i2i.jp
58,Urban,G,Booker,01/11/2011,450-122-3402,ubooker1l@reference.com
59,Sheppard,P,Behninck,09/13/1992,936-525-4861,sbehninck1m@reddit.com
60,Vassily,,Berntsson,06/19/1964,413-478-3491,vberntsson1n@domainmarket.com
61,Kyrstin,,Smeuin,08/19/2006,990-639-2137,
62,Judye,K,Crosland,09/30/1954,474-594-8347,jcrosland1p@oracle.com
63,Raimondo,B,Mansel,07/28/2017,389-209-1703,rmansel1q@typepad.com
64,Costanza,,McGlashan,02/10/1997,719-261-1922,cmcglashan1r@disqus.com
65,Kandy,A,Belverstone,04/18/1990,679-491-3880,
66,Ambros,Q,Brummitt,06/22/1956,547-439-5716,
67,Dulcinea,V,Tasseler,03/01/1990,341-287-7487,dtasseler1u@themeforest.net
68,Krystal,V,Gimeno,07/14/1998,772-702-4849,
69,Denise,X,Gladden,07/10/1969,439-193-1396,dgladden1w@sakura.ne.jp
70,Reagen,J,Bertelmot,02/23/1983,572-502-2164,rbertelmot1x@etsy.com
71,Munroe,A,O'Giany,11/17/2016,376-344-5683,mogiany1y@constantcontact.com
72,Lonny,V,McQuaid,02/27/1956,805-106-2107,
73,Killian,S,Patzelt,03/11/1970,384-363-0440,kpatzelt20@vk.com
74,Lisa,M,Elcoux,07/13/2009,246-712-7817,lelcoux21@paypal.com
75,Drucill,T,Houlston,06/12/2014,705-970-6342,dhoulston22@fc2.com
76,Mira,G,Pounder,12/23/1981,444-738-8897,
77,Etta,X,Foyle,09/04/1951,223-364-8841,
78,Cliff,U,Tureville,05/17/1978,900-124-8029,ctureville25@hao123.com
79,Janene,,Eannetta,04/18/2006,522-241-3553,jeannetta26@sakura.ne.jp
80,Arv,,Foxwell,08/05/1967,271-646-6271,afoxwell27@scribd.com
81,Iseabal,G,Bardnam,01/30/1952,311-906-9444,ibardnam28@phpbb.com
82,Rancell,D,Cramer,12/14/1974,909-592-9296,rcramer29@dot.gov
83,Margie,B,Haggerty,06/21/2015,774-678-0730,mhaggerty2a@diigo.com
84,Merry,O,Dillaway,10/31/2004,834-116-5737,mdillaway2b@lulu.com
85,Alissa,,Forshaw,09/10/2007,729-520-6309,aforshaw2c@biglobe.ne.jp
86,Dorette,B,Haggeth,02/12/1961,533-294-5759,
87,Ludwig,Z,Cinavas,01/15/1955,218-895-2881,lcinavas2e@census.gov
88,Janel,,Mowling,01/04/1990,631-769-3702,jmowling2f@constantcontact.com
89,Berget,J,Robiou,11/08/1995,768-752-4995,
90,Carlo,,Johanchon,10/11/1971,841-936-1021,cjohanchon2h@macromedia.com
91,Emilia,,Terbruggen,03/06/2004,806-691-2569,eterbruggen2i@hp.com
92,Jarrett,X,Dolle,07/10/1957,942-581-5425,jdolle2j@hostgator.com
93,Ferrel,,Leathart,08/25/1973,230-879-6503,
94,Derk,,Stanes,01/16/1981,597-714-9636,dstanes2l@hostgator.com
95,Oralia,B,Crapper,11/29/1965,549-720-2856,ocrapper2m@thetimes.co.uk
96,Teresa,E,Downs,10/28/1980,869-394-6745,tdowns2n@freewebs.com
97,Edward,S,Gerger,04/05/2022,744-369-4530,
98,Dion,,Abramov,09/13/2018,570-915-0635,dabramov2p@ovh.net
99,Janelle,I,Crosbie,12/27/2011,986-840-5151,jcrosbie2q@comsenz.com
100,Aylmar,,Crossley,03/19/2014,684-967-5508,
101,Teddy,,Foot,01/25/2002,644-836-9346,tfoot2s@sohu.com
102,Suellen,O,Thomazet,11/22/1952,674-953-7065,sthomazet2t@squarespace.com
103,Theresina,,Pontefract,07/03/1963,120-313-5509,
104,Hatty,,Riedel,07/04/2008,897-915-7063,hriedel2v@prnewswire.com
105,Garrik,Q,Uman,11/29/1966,515-826-5833,guman2w@taobao.com
106,Arther,E,Millichip,08/25/2006,171-791-6088,
107,De witt,B,Lamblin,08/10/1950,556-628-5982,
108,Cooper,L,Galero,01/25/1979,897-392-5466,
109,Demetria,H,Capstaff,01/06/2002,283-625-5538,dcapstaff30@usatoday.com
110,Melosa,S,Madre,01/19/1982,241-511-4934,mmadre31@slashdot.org
111,Benita,Q,Swane,12/22/1989,600-952-9666,bswane32@npr.org
112,Christyna,Y,Nevison,08/03/1948,222-814-7837,cnevison33@nasa.gov
113,Jessee,L,Bentick,06/21/2018,584-664-4818,jbentick34@cocolog-nifty.com
114,Perle,P,Pinsent,12/30/1952,795-513-6375,ppinsent35@hp.com
115,Amery,G,Oakhill,02/08/2002,581-561-7007,aoakhill36@theglobeandmail.com
116,Deeann,R,Whitecross,01/16/1945,204-937-8218,dwhitecross37@netvibes.com
117,Bamby,X,Taill,07/16/2002,269-218-8964,btaill38@marriott.com
118,Luciana,A,Dorsey,08/24/1965,267-944-0353,ldorsey39@dion.ne.jp
119,Carmela,N,Nind,05/23/1996,236-187-8956,cnind3a@tuttocitta.it
120,Dougie,G,Haily,03/21/2021,965-117-8863,dhaily3b@craigslist.org
121,Rustin,U,Batson,12/11/2021,317-435-2707,rbatson3c@soup.io
122,Ted,,Lesper,05/23/1948,261-825-1127,
123,Shannan,Z,Ginity,06/21/2010,736-397-6732,sginity3e@com.com
124,Beth,,Gianotti,07/08/1956,929-858-5395,bgianotti3f@gravatar.com
125,Sheilah,D,Simmonett,11/15/2002,411-612-8400,ssimmonett3g@msn.com
126,Prent,Q,Duggan,07/03/1965,961-417-3366,pduggan3h@trellian.com
127,Penelope,R,Perle,06/02/1965,573-995-6290,pperle3i@apache.org
128,Herman,,Toulson,07/05/1992,943-569-8021,
129,Ario,,Lakeland,02/12/1986,219-114-6174,alakeland3k@walmart.com
130,Linnie,I,Haacker,02/10/1992,843-648-6855,lhaacker3l@yellowbook.com
131,Sandie,L,Faers,12/26/1959,805-983-0985,sfaers3m@tiny.cc
132,Kylie,,Stango,06/05/1977,104-435-9117,kstango3n@hubpages.com
133,Gretta,,Bearfoot,04/15/1963,980-307-1793,gbearfoot3o@t.co
134,Margarette,N,Mabbett,06/21/1983,878-900-8570,mmabbett3p@shinystat.com
135,Agnes,,Barnham,01/23/2018,558-376-8653,
136,Baron,A,Norrie,02/21/1990,239-208-8543,bnorrie3r@discovery.com
137,Staci,O,Jozwiak,07/19/1967,816-716-1160,sjozwiak3s@opensource.org
138,Rayna,,Narracott,11/08/1982,894-640-5406,rnarracott3t@washingtonpost.com
139,Travis,E,Goldman,03/04/2003,815-282-4283,tgoldman3u@businessweek.com
140,Jaime,B,Shingler,10/29/1954,701-680-6942,
141,Xena,,Brundle,04/13/1961,413-266-0062,xbrundle3w@eventbrite.com
142,Amity,U,Quenell,06/24/1958,257-208-2453,aquenell3x@shutterfly.com
143,Shir,G,Stile,10/25/1982,929-454-8353,sstile3y@nationalgeographic.com
144,Siouxie,,Winward,09/24/2019,165-518-1494,swinward3z@example.com
145,Clemens,E,Yashanov,11/16/1958,884-399-0648,
146,Madelin,Y,Roelvink,05/13/1991,341-827-7443,
147,Odetta,,Corstorphine,05/20/2018,550-652-6543,
148,Aldis,H,Kinkead,01/09/1951,990-157-4686,akinkead43@sphinn.com
149,Ikey,S,Chugg,10/15/1965,211-374-4410,
150,Moria,P,Ellery,10/11/1958,438-969-5599,mellery45@wired.com
151,Muriel,R,Arnaudot,12/10/1963,177-420-1148,marnaudot46@about.me
152,Loria,C,Grainger,04/08/1950,207-262-4855,lgrainger47@mlb.com
153,Miner,C,Massy,02/25/2013,376-539-8828,mmassy48@epa.gov
154,Giorgia,X,Shoveller,11/21/1973,793-154-9484,
155,Alexa,U,Middup,06/13/2010,308-953-9467,amiddup4a@mail.ru
156,Sander,T,Jeaycock,03/05/1991,866-396-9749,sjeaycock4b@paypal.com
157,Liliane,,Cusworth,02/16/1964,255-529-2911,lcusworth4c@yellowbook.com
158,Dahlia,K,Cartan,09/19/1978,919-775-1175,dcartan4d@trellian.com
159,Koressa,Y,Saintpierre,05/31/1948,572-691-1347,
160,Bernetta,,Giveen,03/09/2017,892-736-6650,bgiveen4f@symantec.com
161,Bern,F,McEvon,12/29/1974,972-113-7032,bmcevon4g@tinypic.com
162,Prentice,K,Beeze,02/13/1991,204-991-8488,pbeeze4h@pagesperso-orange.fr
163,Ciro,F,McKeney,02/09/2020,994-828-7770,cmckeney4i@youtu.be
164,Zonda,,O'Fairy,01/25/1990,994-737-0320,zofairy4j@163.com
165,Davine,,Badham,05/13/1992,316-890-0810,
166,Matthiew,,Huggins,07/01/1985,248-804-7847,mhuggins4l@usda.gov
167,Alanah,G,Popworth,04/13/2006,739-228-0368,
168,Amalita,U,Youens,08/27/1989,162-884-1301,
169,Barnebas,,Boast,03/11/2010,447-964-8846,
170,Darline,L,Tebbs,06/23/1979,264-477-9606,
171,Joice,G,Cowlas,12/14/2010,893-867-9903,jcowlas4q@amazon.com
172,Dacey,T,Jan,08/08/1969,606-872-3889,
173,Byrle,D,Ouchterlony,10/31/1975,126-864-1599,bouchterlony4s@gov.uk
174,Aron,S,Coxhead,03/26/1967,808-183-0990,acoxhead4t@google.it
175,Cindee,,Goodband,09/15/1944,167-852-2284,cgoodband4u@eventbrite.com
176,Calhoun,X,Harrold,10/18/2011,135-125-6059,charrold4v@deviantart.com
177,Maureen,J,Ivanitsa,06/09/1992,516-600-7068,mivanitsa4w@tripadvisor.com
178,Hans,Q,Turgoose,08/11/2002,154-142-8416,hturgoose4x@trellian.com
179,Trescha,O,Jeggo,01/16/1955,834-651-3724,tjeggo4y@surveymonkey.com
180,Chadd,,Buckley,02/11/1989,421-330-1582,cbuckley4z@statcounter.com
181,Annabal,C,Goldstone,10/22/2001,729-952-6580,agoldstone50@columbia.edu
182,Grove,,Standidge,07/26/1950,406-916-7585,gstandidge51@virginia.edu
183,Gertrud,W,Asif,02/20/1959,988-459-5569,gasif52@lulu.com
184,Antonius,M,Karleman,05/10/1992,574-725-0413,akarleman53@theguardian.com
185,Othilie,,Jackman,09/14/1959,534-292-8847,ojackman54@bigcartel.com
186,Trish,F,Austin,01/28/2002,443-698-9357,taustin55@cam.ac.uk
187,Dell,A,Ruoff,11/20/1982,306-849-6879,druoff56@simplemachines.org
188,Archambault,X,Rydings,08/21/2021,649-576-7123,arydings57@sakura.ne.jp
189,Malinda,N,Goodliffe,09/23/2013,521-464-2478,mgoodliffe58@cbc.ca
190,Archy,I,Armit,04/03/1946,945-558-0476,aarmit59@imgur.com
191,Field,V,Mellenby,11/12/1985,555-919-8005,
192,Kristien,B,Ingarfill,05/28/1971,191-981-1149,
193,Abigale,G,Prisk,04/17/2012,122-728-8539,aprisk5c@ucla.edu
194,Edee,,Tabourin,07/10/1967,221-739-8371,etabourin5d@eventbrite.com
195,Gilli,,Ganny,09/11/1996,910-447-4694,
196,Colly,Q,Lawton,09/17/2006,340-198-6209,clawton5f@4shared.com
197,Herbie,A,Greader,07/07/2005,168-841-1359,hgreader5g@jimdo.com
198,Luz,D,Dowson,10/09/1961,857-687-8759,ldowson5h@bing.com
199,Laverne,M,Cornier,06/02/1991,512-255-7731,
200,Starla,R,Kelway,06/24/1991,434-911-5690,
201,Evin,L,Goudman,06/25/1963,111-837-7840,egoudman5k@yale.edu
202,Rani,P,Hellard,11/20/1972,722-236-8135,rhellard5l@ehow.com
203,Laryssa,X,Bowdrey,11/09/1954,356-804-9965,lbowdrey5m@timesonline.co.uk
204,Kristy,R,Ondrich,11/05/1956,104-398-3991,kondrich5n@reuters.com
205,Costa,Y,Danelet,07/24/1949,315-582-3234,cdanelet5o@blog.com
206,Bryant,,Charke,11/02/1946,661-145-8637,bcharke5p@bravesites.com
207,Colver,V,Simao,02/15/1962,238-628-9689,csimao5q@jimdo.com
208,Jessamyn,J,Shakelady,04/27/1979,656-284-2649,jshakelady5r@storify.com
209,Nady,U,McFadzean,08/24/2009,275-430-8282,nmcfadzean5s@tamu.edu
210,Ignatius,I,Gianullo,05/05/2014,343-940-5749,igianullo5t@dropbox.com
211,Cosette,L,Jeves,10/03/1992,556-627-2365,cjeves5u@elegantthemes.com
212,Ariela,T,Gehrts,05/01/2011,508-161-7351,agehrts5v@pinterest.com
213,Odella,,Sive,04/06/1976,581-712-4342,osive5w@umich.edu
214,Ravi,,Carah,05/30/1967,818-998-4393,rcarah5x@xing.com
215,Sibyl,F,Derrett,06/20/2011,159-338-2411,sderrett5y@163.com
216,Lorens,,Nockalls,08/22/1956,780-771-9881,lnockalls5z@reuters.com
217,Kane,Y,Harses,05/20/2016,679-318-0308,kharses60@xinhuanet.com
218,Bengt,C,Emanson,02/18/1956,887-726-0458,
219,Lillian,O,Such,11/27/1974,563-196-6261,lsuch62@github.io
220,Mord,,Guidoni,10/09/1971,321-675-7927,mguidoni63@statcounter.com
221,Delly,U,Amoore,07/27/2000,758-587-5570,
222,Byram,N,Swindells,09/07/1966,485-952-8864,bswindells65@msu.edu
223,Esta,,Dressel,11/13/1974,613-111-2595,edressel66@youku.com
224,Frayda,J,Fursse,07/08/1948,680-257-6753,
225,Larine,U,Asbery,05/22/1963,293-374-3973,lasbery68@wunderground.com
226,Marmaduke,A,Leyman,02/06/1977,496-714-8863,mleyman69@economist.com
227,Ailee,F,Essberger,03/24/1998,868-470-4233,aessberger6a@vinaora.com
228,Abigail,K,Hamelyn,10/28/1956,655-465-1069,ahamelyn6b@ow.ly
229,Stephen,O,Fountain,12/29/1990,882-669-4389,sfountain6c@blogtalkradio.com
230,Tildi,M,Swatheridge,10/04/1979,273-312-0964,tswatheridge6d@virginia.edu
231,Valentin,X,Casassa,08/22/1987,993-221-7996,vcasassa6e@reference.com
232,Yuri,L,Balden,03/13/1949,282-476-6483,ybalden6f@desdev.cn
233,Sherilyn,Q,Nursey,06/04/2002,866-863-6451,
234,Aurora,B,Frend,11/18/1968,125-800-8894,afrend6h@senate.gov
235,Opaline,T,Maudlin,10/02/1974,523-238-2863,omaudlin6i@google.de
236,Georgy,U,Wallbank,06/30/2011,895-965-6486,gwallbank6j@foxnews.com
237,Lindsey,A,McIlwaine,10/16/2010,891-590-1220,lmcilwaine6k@oracle.com
238,Stella,D,Burdge,04/30/1978,719-404-1411,sburdge6l@canalblog.com
239,Glenden,,Garnson,09/17/2006,299-841-9965,ggarnson6m@oaic.gov.au
240,Chevy,M,Weaving,11/24/1964,240-187-0608,
241,Dione,Z,Bradfield,01/22/1980,370-627-5872,
242,Kaiser,B,McCue,03/06/1982,465-115-4975,
243,Jedediah,,Leonard,02/20/1956,597-524-6769,
244,Ranee,,Guidera,03/13/2011,361-113-3149,rguidera6r@blogtalkradio.com
245,Torr,,Philps,02/23/1947,776-363-8544,tphilps6s@umich.edu
246,Carlita,E,Camocke,11/30/1968,233-677-8543,ccamocke6t@delicious.com
247,Murvyn,G,Chazelle,12/07/1977,356-289-9163,
248,Graehme,G,Petracek,12/11/1954,605-367-2085,gpetracek6v@vk.com
249,King,G,Derby,11/22/1988,699-583-0422,kderby6w@disqus.com
250,Dewain,D,Marfe,06/07/1964,385-129-5603,
251,Tedd,G,Brockhouse,11/27/1968,680-858-1061,tbrockhouse6y@merriam-webster.com
252,Mickie,H,Garforth,05/13/1964,733-644-0608,mgarforth6z@biblegateway.com
253,Val,J,Dunk,05/27/1958,962-243-4853,
254,Janot,S,Peto,09/25/1951,576-970-3009,jpeto71@mozilla.com
255,Vinny,J,Lilleyman,06/28/1975,327-722-3014,vlilleyman72@rediff.com
256,Edmund,T,Hendrich,10/08/2002,347-503-3792,
257,Hilary,O,Dunseath,05/25/1944,860-524-9105,hdunseath74@blog.com
258,Christiano,,Fountaine,08/20/1959,707-364-1665,cfountaine75@mysql.com
259,Gwennie,,Cornilleau,06/21/1970,976-433-1882,gcornilleau76@hostgator.com
260,Joeann,L,O'Ruane,08/28/2020,748-925-8134,joruane77@bloglovin.com
261,Victoir,,Hicklingbottom,09/27/2002,383-479-6860,vhicklingbottom78@umn.edu
262,Marie-ann,K,Iorns,10/07/2017,252-714-9164,miorns79@xing.com
263,Prudence,J,Seeviour,10/31/2011,475-509-9923,
264,Jany,M,Easun,04/07/2017,529-173-1398,jeasun7b@jigsy.com
265,Stanislas,,Hanning,12/14/1974,625-551-4118,shanning7c@wired.com
266,Janie,,Airey,10/09/1976,922-613-9459,jairey7d@pagesperso-orange.fr
267,Darnall,N,Prinn,03/27/1946,555-856-6868,
268,Cherilyn,,Baignard,06/14/1974,806-317-8298,cbaignard7f@si.edu
269,Clive,Y,Whitlam,03/14/2018,567-505-3588,
270,Marcello,L,Thomason,01/25/1993,745-788-4587,
271,Shaylyn,C,Yanukhin,09/18/1956,970-868-7186,
272,Concordia,Y,McCorley,12/01/1983,965-439-8405,cmccorley7j@wsj.com
273,Jasun,T,Queree,07/04/2014,203-481-2672,jqueree7k@soup.io
274,Avivah,,Pipe,01/11/1966,145-260-5037,
275,Diane-marie,,Goosey,09/24/1975,966-592-8132,dgoosey7m@yahoo.co.jp
276,Matilde,A,Oda,10/17/1948,875-642-9926,moda7n@examiner.com
277,Hally,P,Denman,09/09/1974,988-975-5718,hdenman7o@dailymail.co.uk
278,Vasilis,G,Levermore,05/27/1954,297-403-4797,vlevermore7p@vinaora.com
279,Gerhard,R,Mungan,05/18/1992,338-343-3878,
280,Floyd,N,Wadwell,11/08/2008,710-637-0054,fwadwell7r@google.pl
281,Alyse,,Dumini,08/24/1997,766-305-3291,adumini7s@opensource.org
282,Dex,D,Machel,07/02/1960,131-837-8235,
283,Heindrick,A,Wannes,12/15/2002,507-701-2864,hwannes7u@geocities.jp
284,Byram,D,McGlade,07/18/1979,766-478-6840,bmcglade7v@mashable.com
285,Rubetta,D,Lace,01/30/1973,461-126-6868,rlace7w@miibeian.gov.cn
286,Cobb,Y,Besant,09/10/1984,681-833-0676,cbesant7x@blogtalkradio.com
287,Alf,,Kermitt,03/09/1949,595-384-6695,akermitt7y@sakura.ne.jp
288,Agata,P,Suart,08/05/2000,328-702-9586,
289,Rubia,E,Laurenceau,02/24/1953,426-778-0555,rlaurenceau80@friendfeed.com
290,Monte,V,Thormann,09/19/1977,816-478-6614,
291,Mercy,X,Sweett,05/29/2004,564-801-7186,msweett82@newsvine.com
292,Cathe,Y,Hakking,05/15/2014,954-983-1179,chakking83@reverbnation.com
293,Jecho,X,Wiffill,11/01/1960,319-544-5171,
294,Mendie,,Libbe,08/21/1989,832-593-2692,mlibbe85@biglobe.ne.jp
295,Brandice,V,Gabler,12/18/2013,973-748-3767,bgabler86@techcrunch.com
296,Renell,,Lotze,12/15/2014,569-747-3051,rlotze87@zimbio.com
297,Kim,V,McDonnell,12/21/1986,526-173-0174,
298,Field,J,Munro,04/26/2005,903-520-5490,
299,Eugenio,F,Comettoi,09/15/1991,979-539-7978,
300,Boris,T,Allpress,05/12/2011,805-213-7573,ballpress8b@ftc.gov
301,Jillian,V,Scotsbrook,02/23/2009,638-745-4227,
302,Creighton,B,Henrot,03/19/1967,429-980-4440,chenrot8d@google.com.hk
303,Bard,T,Macvey,11/11/1989,684-631-3376,
304,Zelma,O,Benoiton,05/21/1988,539-206-0068,zbenoiton8f@hatena.ne.jp
305,Maggie,Z,Wenban,01/28/2008,345-366-7965,mwenban8g@cyberchimps.com
306,Katy,,Reicherz,06/04/2017,255-451-7991,kreicherz8h@spotify.com
307,Brian,J,Shellibeer,03/06/1991,246-153-7326,
308,Benjie,S,Filipchikov,08/26/1985,531-623-2496,bfilipchikov8j@scribd.com
309,Lyndy,,McDonell,07/14/1966,750-841-7145,lmcdonell8k@a8.net
310,Christoper,H,D'Aubney,03/03/2018,243-958-1770,cdaubney8l@who.int
311,Franky,,Milkin,05/22/1987,994-160-1099,fmilkin8m@unesco.org
312,Antonella,O,Waghorne,03/10/1972,393-120-2737,
313,Waylon,C,Trumpeter,12/20/1993,465-469-0267,wtrumpeter8o@statcounter.com
314,Justina,W,Linton,06/25/1983,292-163-0464,jlinton8p@thetimes.co.uk
315,Bobbee,B,Haistwell,12/30/1979,599-798-3224,bhaistwell8q@comsenz.com
316,Clive,,Gashion,06/18/2003,834-740-0454,cgashion8r@prnewswire.com
317,Freddie,,Christian,10/28/2004,584-955-0392,fchristian8s@unesco.org
318,Thoma,W,O'Hannen,10/25/1958,829-445-0281,tohannen8t@discuz.net
319,Rena,Z,Jakubski,02/05/2004,594-362-9154,rjakubski8u@multiply.com
320,Cecilius,,Moult,11/13/1967,864-174-0332,
321,Jamie,F,Upcraft,04/05/1976,127-165-0912,jupcraft8w@upenn.edu
322,Zilvia,,Flintoffe,03/04/1951,325-605-3808,zflintoffe8x@mashable.com
323,Xymenes,C,Lube,04/08/2008,478-530-2879,xlube8y@deliciousdays.com
324,Nathanael,,LeEstut,05/03/1986,569-735-0670,nleestut8z@reuters.com
325,Blythe,Y,Harrold,06/24/2000,124-267-4952,
326,Elyse,C,Haggith,05/25/1989,443-805-7847,
327,Leah,P,Kalvin,12/13/1953,783-236-1732,lkalvin92@omniture.com
328,Grove,H,Hitter,03/02/2013,572-275-1828,ghitter93@paypal.com
329,Evelyn,,Reeve,05/23/2013,281-563-0390,
330,Oran,,Rustedge,11/17/2003,502-516-8404,orustedge95@redcross.org
331,Korey,X,Smissen,10/15/1992,189-260-5563,
332,Horatius,P,Boichat,06/07/1954,735-219-8845,
333,Ted,Q,Cordey,12/22/1961,547-163-3044,tcordey98@nhs.uk
334,Ring,C,Reilly,03/25/1963,358-237-6676,
335,Husain,,Gremane,10/06/1958,847-547-0341,hgremane9a@dion.ne.jp
336,Rickey,V,Rastall,11/28/1973,178-200-2108,
337,Chris,Q,Kaindl,08/30/1984,371-338-0254,ckaindl9c@creativecommons.org
338,Zacharie,F,Hymers,03/24/1946,630-896-0830,zhymers9d@godaddy.com
339,Zachary,N,Berston,08/06/1969,991-417-6490,zberston9e@clickbank.net
340,Pat,,Kibbye,09/01/1962,396-143-5268,
341,Agnola,,Lambdean,07/19/2021,468-498-3395,
342,Carolyn,B,Flaxon,08/13/1992,875-223-7966,cflaxon9h@taobao.com
343,Rochelle,X,Cross,07/17/2004,498-776-3452,rcross9i@theglobeandmail.com
344,Rupert,Y,Niccolls,07/17/2004,792-453-7815,rniccolls9j@huffingtonpost.com
345,Indira,L,Steynor,02/25/1950,881-850-6393,isteynor9k@examiner.com
346,Adiana,G,Dillistone,12/23/2008,997-879-4402,adillistone9l@shop-pro.jp
347,Arthur,,Raybould,12/06/1955,360-565-9990,araybould9m@surveymonkey.com
348,Traver,W,Morgan,04/12/1999,765-833-5658,tmorgan9n@blogger.com
349,Kala,O,Ledwich,04/27/2000,853-448-4065,
350,Fee,R,Cescotti,03/25/1974,656-739-5126,fcescotti9p@phpbb.com
351,Sara,,Mapples,05/23/1991,163-260-7685,smapples9q@twitpic.com
352,Dominick,,Philips,12/27/1979,532-607-4921,
353,Goldarina,,Wreak,06/22/1951,981-992-5020,gwreak9s@walmart.com
354,Purcell,K,Holberry,04/20/2001,983-880-3167,pholberry9t@netlog.com
355,Jennie,V,Cumming,10/12/2001,988-941-1100,jcumming9u@cdc.gov
356,Rosa,X,Insull,03/19/2010,201-789-5987,rinsull9v@nifty.com
357,Rori,H,Benstead,08/17/1965,696-340-1976,rbenstead9w@elegantthemes.com
358,Ofilia,O,Pechell,03/22/1987,983-282-7072,opechell9x@yandex.ru
359,Eileen,,Abberley,06/09/2005,804-432-6854,
360,Darcee,V,Rapport,06/18/2020,493-149-7779,drapport9z@livejournal.com
361,Elli,B,Buckle,04/23/1996,934-209-3940,ebucklea0@artisteer.com
362,Whitney,L,McIndoe,02/18/2006,356-862-0581,wmcindoea1@deliciousdays.com
363,Tiffie,D,Street,10/18/1973,936-576-1578,
364,Hestia,C,Bovey,09/04/1995,809-507-2599,
365,Bernetta,F,Iacomelli,02/10/2018,391-126-3144,biacomellia4@google.com
366,Bessie,V,Leidecker,12/29/2015,326-403-9188,bleideckera5@deviantart.com
367,Darby,,Badman,01/18/1954,173-451-1554,dbadmana6@discuz.net
368,Caz,O,Ambrozewicz,11/01/2015,153-135-7467,cambrozewicza7@tinyurl.com
369,Ansel,T,Dwire,10/10/2002,616-482-0582,adwirea8@ucsd.edu
370,Rhianon,F,Cotta,09/13/2004,737-295-0429,rcottaa9@wsj.com
371,Elvin,,Hosten,02/16/2022,226-150-7380,ehostenaa@disqus.com
372,Ethelin,N,Raeburn,02/06/2006,717-582-9477,eraeburnab@youtu.be
373,Rosana,,Timmins,05/18/1968,373-648-9779,
374,Karen,,Maingot,06/13/1981,345-645-3581,
375,Cordelie,L,Phillipps,10/23/2006,998-274-8435,cphillippsae@sitemeter.com
376,Sholom,U,Blumsom,02/20/1945,613-488-5227,
377,Petronella,B,Mufford,01/26/2018,295-953-0240,
378,Bathsheba,W,Payne,04/17/1969,270-987-6884,bpayneah@amazon.co.jp
379,Christean,Z,Sacks,09/25/2017,269-328-3425,csacksai@drupal.org
380,Benji,C,Brookwell,04/10/1978,901-746-2955,bbrookwellaj@shinystat.com
381,Bessie,A,Bosket,06/01/1991,195-893-6766,
382,Pat,Q,Rookledge,02/24/2010,193-321-2820,
383,Dawn,L,Emmitt,06/18/1958,396-589-9473,demmittam@usnews.com
384,Bonnie,,Bocock,11/21/1956,530-108-0798,bbocockan@statcounter.com
385,Kalindi,,Askam,12/17/1966,640-702-2347,kaskamao@github.io
386,Sherie,X,Skyram,11/22/1995,432-865-5093,sskyramap@geocities.com
387,Cash,J,Pearn,11/13/2002,592-143-3766,cpearnaq@bravesites.com
388,Annemarie,Q,Gooders,07/10/1962,292-478-3969,agoodersar@pbs.org
389,Anastasie,L,Dennitts,05/29/1979,513-313-9906,
390,Andy,N,Wainscoat,11/05/2011,409-526-0887,awainscoatat@oakley.com
391,Coretta,S,Berends,10/29/2008,668-362-9657,
392,Norrie,W,Glazzard,10/01/1975,352-415-7516,
393,Querida,H,Wren,05/20/1967,534-711-9103,qwrenaw@ow.ly
394,Dynah,,Dowling,05/04/1949,376-257-8437,ddowlingax@freewebs.com
395,Salli,U,Bloys,07/10/1984,375-785-3894,sbloysay@symantec.com
396,Fowler,P,Brabben,05/27/1977,844-150-9022,fbrabbenaz@nationalgeographic.com
397,Cicily,P,Newbold,06/27/1964,606-479-3782,cnewboldb0@meetup.com
398,Maxie,S,Everix,05/28/1960,578-594-7440,
399,Trefor,H,Footer,02/29/1948,430-279-3681,tfooterb2@tamu.edu
400,Burr,P,Wones,12/04/1996,403-879-8892,bwonesb3@ibm.com
401,Cy,,MacAndrew,03/07/1986,351-772-5966,cmacandrewb4@flavors.me
402,Kirsteni,F,O'Heaney,02/01/1998,624-992-9826,
403,Kaleb,R,Stock,12/20/1983,484-566-8080,kstockb6@ed.gov
404,Eb,,Mustin,04/13/1971,423-658-7495,
405,Hanny,P,Deans,04/10/2016,563-189-1491,hdeansb8@cbc.ca
406,Colan,B,Glaum,08/26/1954,543-926-7526,cglaumb9@auda.org.au
407,Hirsch,,Lemerie,11/16/2017,185-714-5903,
408,Emma,O,MacGowing,02/07/1956,984-403-5614,emacgowingbb@disqus.com
409,Hobey,X,Matuszewski,09/15/1979,441-818-8568,hmatuszewskibc@lycos.com
410,Augustine,P,Huc,05/23/2017,728-945-5429,ahucbd@yellowbook.com
411,Kamillah,,Beernaert,10/10/2011,350-127-4023,kbeernaertbe@godaddy.com
412,Korrie,,Gallahar,03/28/2002,396-322-3093,kgallaharbf@homestead.com
413,Brenda,,Jacox,02/06/1998,197-457-6284,
414,Charline,X,Carbert,05/08/1945,645-534-9234,
415,Lynne,,Anselm,05/30/2002,196-205-5779,lanselmbi@marketwatch.com
416,Blondelle,Z,Keelinge,03/03/2012,476-559-0507,bkeelingebj@pcworld.com
417,Cletis,B,Cabrera,01/08/1958,513-450-8122,ccabrerabk@rambler.ru
418,Lazare,,Nutt,03/24/2015,301-673-3466,
419,Alexandrina,R,Hardacre,02/14/1955,365-926-3466,ahardacrebm@discuz.net
420,Alva,U,Reuter,11/28/2006,483-432-4997,areuterbn@de.vu
421,Porty,L,Halms,12/05/2001,432-765-4662,phalmsbo@ycombinator.com
422,Hillel,B,Sylvester,08/01/1971,933-693-5176,hsylvesterbp@europa.eu
423,Kale,K,Paten,12/27/1955,271-680-4243,kpatenbq@walmart.com
424,Ingrid,Y,Ambler,11/28/2016,432-726-3747,iamblerbr@nature.com
425,Sonnie,Q,Coronas,11/30/2016,756-865-6331,
426,Addy,,Fullick,05/08/1991,888-327-0453,
427,Noelyn,U,McCrachen,05/23/1983,397-958-5086,
428,Elvyn,,Goodfield,06/11/1963,655-298-8408,
429,Georgie,P,Hancorn,08/07/1969,203-331-3520,ghancornbw@friendfeed.com
430,Quinta,A,Slyde,11/04/2020,456-920-7270,qslydebx@t-online.de
431,Pennie,H,Prandoni,10/08/1946,850-931-4573,pprandoniby@digg.com
432,Levi,,Shave,07/02/1973,207-896-8247,lshavebz@arizona.edu
433,Lura,,Immings,04/02/1993,148-968-9132,
434,Tabatha,I,Toffano,09/13/1966,621-191-9413,ttoffanoc1@jimdo.com
435,Gwenneth,P,Ewbank,01/17/1974,724-220-8455,gewbankc2@google.ru
436,Oliy,,Merrigans,02/18/1991,834-684-2124,omerrigansc3@cdbaby.com
437,Karoline,L,Stanaway,09/23/1952,755-705-8845,kstanawayc4@homestead.com
438,Hurlee,Q,Thursfield,04/11/2022,407-328-6866,
439,Lezley,N,D'Emanuele,08/28/1965,723-237-3539,ldemanuelec6@tmall.com
440,Audrie,N,Twidell,06/23/1951,114-266-1254,
441,Odelinda,J,McPheat,05/29/1946,590-955-3448,omcpheatc8@ezinearticles.com
442,Douglas,,Gude,08/12/1985,374-107-9818,
443,Kippar,J,Alliston,03/26/1960,811-171-2302,kallistonca@biblegateway.com
444,Babita,L,McGiffie,08/04/1978,559-155-8775,
445,Binky,G,Blaise,05/08/2005,607-177-3158,bblaisecc@boston.com
446,Jackqueline,,Tomaskunas,04/30/2008,775-919-1337,jtomaskunascd@ucsd.edu
447,Hoebart,W,Jollands,05/12/1994,828-315-4810,
448,Juliane,,Blaisdale,10/23/1959,128-162-7434,
449,Allegra,,Bresner,10/08/1976,496-658-8631,abresnercg@mashable.com
450,Gerrilee,,Soltan,12/28/1986,771-985-9289,gsoltanch@sogou.com
451,Mead,C,Onraet,03/19/1997,820-848-9584,monraetci@cocolog-nifty.com
452,Kirk,K,Brassington,10/20/1963,878-262-7387,kbrassingtoncj@nymag.com
453,Diannne,F,Willey,08/04/1987,510-740-0209,dwilleyck@xing.com
454,Chester,,Eastmond,02/12/2009,432-142-0300,ceastmondcl@wunderground.com
455,Ariella,X,Sivier,05/29/1967,244-164-6615,asiviercm@friendfeed.com
456,Marget,,Cornewall,01/09/1955,466-848-6778,mcornewallcn@moonfruit.com
457,Imelda,T,Kreuzer,10/24/1997,760-763-5283,
458,Nannette,F,Placidi,05/18/2010,836-354-2821,
459,Mindy,J,Chatenier,01/05/1948,786-627-0023,mchateniercq@pinterest.com
460,Ali,M,Mcsarry,10/31/2003,702-244-1685,amcsarrycr@mozilla.org
461,Cariotta,,Gorvin,08/04/1952,571-303-2906,cgorvincs@woothemes.com
462,Margarete,W,Incogna,07/15/1966,635-241-0833,mincognact@tamu.edu
463,Mahala,R,Van Der Weedenburg,09/22/2016,592-703-5197,mvanderweedenburgcu@ft.com
464,Bernetta,,Pimblett,04/02/1977,614-368-4789,bpimblettcv@pbs.org
465,Kathy,D,Forson,05/21/1961,109-880-8989,kforsoncw@irs.gov
466,Sig,T,Poyser,07/17/1954,975-344-2081,spoysercx@nationalgeographic.com
467,Decca,J,Godbehere,01/02/2017,143-706-5628,dgodbeherecy@vimeo.com
468,Sunny,Y,Callinan,07/18/2019,433-604-2712,scallinancz@youtube.com
469,Caro,H,Sleeford,01/09/1950,129-823-7404,
470,Jobye,,Kohlert,06/08/1949,399-224-5804,jkohlertd1@twitter.com
471,Porty,L,Pretswell,10/17/1967,405-953-6190,
472,Lilli,B,Ellerker,08/27/1964,492-224-1613,lellerkerd3@google.nl
473,Benito,H,Edsell,06/14/1965,180-151-2634,bedselld4@army.mil
474,Audre,R,Marples,05/19/1992,950-533-3188,amarplesd5@hugedomains.com
475,Adria,K,Saer,07/08/2016,522-725-4560,asaerd6@google.cn
476,Seumas,M,O'Criane,03/29/1957,581-821-1431,
477,Brynn,H,Burnet,04/19/1966,798-421-7917,
478,Darbie,B,Perfect,09/04/1986,756-704-4112,dperfectd9@columbia.edu
479,Janela,,Priestman,06/19/2012,198-900-6407,jpriestmanda@jiathis.com
480,Emmy,Y,Furmagier,07/30/1947,746-481-8752,efurmagierdb@comsenz.com
481,Umeko,L,Escoffrey,04/19/1955,233-303-8496,uescoffreydc@cdbaby.com
482,Gwynne,P,Philippou,09/09/1966,495-642-3324,gphilippoudd@nymag.com
483,Davita,U,Aglione,08/28/1981,328-976-6551,
484,Thornton,,Kiddell,03/29/2020,394-115-5081,
485,Sterne,E,Scranney,11/19/1986,467-626-6983,sscranneydg@washington.edu
486,Danica,W,Hetterich,12/06/1997,209-946-1992,dhetterichdh@un.org
487,Cyrus,N,Carnilian,04/25/1999,780-427-8152,ccarniliandi@mysql.com
488,Meggy,H,Gaunt,07/12/1970,998-181-7809,mgauntdj@sakura.ne.jp
489,Layton,D,Marquet,06/28/1973,693-249-7240,
490,Francyne,Q,Rubberts,04/15/2022,887-394-4107,frubbertsdl@ft.com
491,Guthrey,,Menicomb,07/30/1980,122-656-2856,gmenicombdm@amazon.co.jp
492,Frants,M,Terrey,08/22/2018,228-969-9933,
493,Bartie,I,Fenech,06/29/1988,875-438-9309,bfenechdo@a8.net
494,Jabez,J,Redgrave,02/27/1973,689-653-5273,jredgravedp@shareasale.com
495,Ardys,H,Tunsley,06/05/1957,185-974-4927,atunsleydq@noaa.gov
496,Amalia,,Tanswell,12/12/2011,281-653-2374,atanswelldr@sitemeter.com
497,Shaun,Z,Elvey,06/17/2015,305-173-5785,selveyds@wikispaces.com
498,Phoebe,V,Donnison,10/12/1999,513-141-8702,pdonnisondt@npr.org
499,Merralee,Q,Jindrak,09/05/1997,279-268-5206,mjindrakdu@globo.com
500,Bette-ann,U,Yule,01/11/1982,860-239-1369,
